Full Name;Mail;Telephone;Business;Location;Created
Tamar Wilson;tamar.wilson0@corp.example.net;0546811040;Massive Dynamic;AE;2023-10-24
Maria Katz;maria.katz1@test.example.com;+44 77 34693943;Oceanic Airlines;GB;07.07.2025
Noah Al Maktoum;noah.almaktoum2@acme.example;+447912521843;Wonka Inc;GB;15 Sep 2026
Noa Brown;noa.brown3@test.example.com;+972544247609;Gringotts;israel;2026-07-19
Layla Kuznetsov;layla.kuznetsov4@mail.example.org;+971549081008;Aperture Science;UAE;2025-06-28
Ali Roberts;ali.roberts5@corp.example.net;+971 56 3980800;Massive Dynamic;UAE;05/02/2023
Noah Kuznetsov;noah.kuznetsov6@acme.example;050-369-4419;Vandelay Industries;israel;01.03.2024
Sophia Brown;sophia.brown7@example.com;07728 188006;Tyrell Corp;GBR;2026-05-28
Ali Saleh;ali.saleh8@example.com;+16173149196;Umbrella Corp;USA;27 Nov 2026
Elena Thomas;elena.thomas9@acme.example;+491706258152;Tyrell Corp;Germany;13/12/2026
Emma Smith;emma.smith10@example.com;+491758373173;NULL;DE;Oct 2 2024
Omer Haddad;omer.haddad11@test.example.com;052-432-9799;Hooli;ARE;23.08.2024
Noa Mizrahi;noa.mizrahi12@example.com;+17027657302;Soylent Corp;US;4 Nov 2024
Karim Rahman;karim.rahman13@example.com;+1 70 22924857;Soylent Corp;USA;15.03.2023
Ali Mizrahi;ali.mizrahi14@corp.example.net;312-954-7765;Tyrell Corp;United States;27/02/2025
Pavel Biton;pavel.biton15@corp.example.net;+44 79 32828980;Acme Ltd;GBR;21/11/2022
Shira Levi;shira.levi16@acme.example;+971 54 6830238;Initech;UAE;8 Mar 2022
Shira Petrov;shira.petrov17@corp.example.net;077-683-73342;Vandelay Industries;GBR;26.06.2026
Ali Saleh;ali.saleh18@mail.example.org;052-217-3934;Acme Ltd;israel;20/11/2026
Nadia Taylor;nadia.taylor19@corp.example.net;+12126108027;Prestige Worldwide;US;03.03.2024
Sergey Avraham;sergey.avraham20@example.com;call me;Wayne Enterprises;israel;28.04.2023
Anna Rahman;anna.rahman21@mail.example.org;+972528912958;Soylent Corp;israel;Jul 6 2023
Noa Al Mansoori;noa.almansoori22@corp.example.net;078-274-87593;Dunder Mifflin;UK;Feb 1 2025
Ahmed Ivanov;not-an-email;053-261-2834;Umbrella Corp;israel;02.01.2026
Ivan Nasser;ivan.nasser24@test.example.com;0175 9464810;Prestige Worldwide;Germany;13.05.2025
Olga Mizrahi;olga.mizrahi25@test.example.com;+972 52 6225733;Sirius Cybernetics;IL;2024-08-05
Elena Sidorov;elena.sidorov26@mail.example.org;0532370459;Hooli;ISR;24.05.2025
Ava Thomas;ava.thomas27@test.example.com;+49 17 63767969;Tyrell Corp;DEU;Mar 18 2025
Eitan Peretz;eitan.peretz28@mail.example.org;0544182916;Vandelay Industries;IL;Jul 4 2025
Omar Volkov;omar.volkov29@acme.example;0523037286;Cyberdyne Systems;israel;28.04.2022
Sarah Roberts;sarah.roberts30@test.example.com;0525493175;Initech;IL;2023-08-22
Noa Al Mansoori;noa.almansoori31@example.com;+1 72 03086300;Hooli;USA;Feb 15 2022
Sophia Levi;sophia.levi32@corp.example.net;054-994-7521;Dunder Mifflin;United Arab Emirates;2023-04-28
Ava Haddad;ava.haddad33@example.com;(646) 816-7248;Initech;US;06/05/2025
Hana Friedman;hana.friedman34@example.com;+491767751088;Soylent Corp;DE;Feb 10 2023
Noah Dahan;noah.dahan35@corp.example.net;(305) 724-4274;Sirius Cybernetics;US;16.07.2025
Sara Friedman;sara.friedman36@acme.example;+971557290579;Aperture Science;AE;17.01.2022
Olivia Smith;olivia.smith37@acme.example;+49 17 68337608;Initech;Germany;05/05/2025
Noah Evans;noah.evans38@test.example.com;+44 79 91150046;Gringotts;GBR;2022-01-17
Ali Katz;ali.katz39@acme.example;+971 54 6912099;Initech;AE;Jan 4 2026
David Ivanov;david.ivanov40@example.com@dup;053-463-3572;Dunder Mifflin;Israel;15 Nov 2025
Fatima Brown;fatima.brown41@mail.example.org;+972 5;Aperture Science;United States;Jan 1 2026
Sarah Popova;sarah.popova42@acme.example;053-718-8348;Prestige Worldwide;israel;Dec 22 2024
Lior Dahan;lior.dahan43@mail.example.org;+13102164083;Acme Ltd;United States;21/08/2023
Sara Taylor;sara.taylor44@example.com;052-597-6108;Aperture Science;AE;06/02/2022
Karim Volkov;karim.volkov45@acme.example;079-993-54415;Stark Industries;United Kingdom;Oct 27 2024
Dana Katz;dana.katz46@acme.example;053-231-0522;Sirius Cybernetics;israel;17 Aug 2025
Anna Davies;anna.davies47@example.com;079-954-31192;Gringotts;United Kingdom;May 21 2022
Omer Volkov;omer.volkov48@test.example.com;+1 31 29148147;Acme Ltd;US;24/05/2023
Karim Davies;karim.davies49@test.example.com;+971 56 9159289;Blue Sun;UAE;May 24 2023
Layla Popova;layla.popova50@mail.example.org;+49 17 09101545;Hooli;DE;6 Apr 2023
Ali Volkov;ali.volkov51@corp.example.net;+971562394678;Acme Ltd;UAE;12/05/2024
Pavel Mizrahi;pavel.mizrahi52@example.com;050-718-0493;Wayne Enterprises;ISR;Sep 8 2022
Fatima Nasser;fatima.nasser53@example.com;+972507925753;Globex;ISR;2025-08-27
Irina Katz;irina.katz54@test.example.com;0171 2980707;Stark Industries;Germany;24.03.2024
Pavel Volkov;pavel.volkov55@example.com;+44 78 71958952;Hooli;UK;Apr 15 2022
Dana Evans;dana.evans56@acme.example;+44 79 58279581;Initech;GB;Jun 23 2024
James Smith;james.smith57@test.example.com;+972528725723;Aperture Science;israel;15 Jul 2025
Layla Cohen;layla.cohen58@acme.example;07964 172961;Initech;UK;13/06/2024
Hana Mizrahi;hana.mizrahi59@mail.example.org;+972 54 5372244;Gringotts;Israel;24.12.2024
  Dana Roberts ;dana.roberts60@test.example.com;+12066564360;Gringotts   ;US;Oct 21 2026
Hana Taylor;hana.taylor61@corp.example.net;07975 450741;Massive Dynamic;United Kingdom;18.09.2023
Pavel Al Maktoum;pavel.almaktoum62@test.example.com;+972502233968;Gringotts;ISR;08.05.2026
Pavel Avraham;pavel.avraham63@example.com;+44 79 59471692;Umbrella Corp;GB;Nov 4 2022
  Dana Kuznetsov ;dana.kuznetsov64@corp.example.net;+972534509885;Soylent Corp   ;IL;Nov 5 2026
James Katz;james.katz65@corp.example.net;+971 55 2821981;Hooli;UAE;2025-07-03
Shira Popova;shira.popova66@mail.example.org;0537677598;Oceanic Airlines;israel;18 Oct 2025
Liam Volkov;liam.volkov67@acme.example;079-139-63829;Vandelay Industries;GBR;Sep 5 2023
Shira Avraham;shira.avraham68@mail.example.org;077-168-82758;Vandelay Industries;GBR;4 Jun 2026
Omer Avraham;omer.avraham69@corp.example.net;+1 21 27353511;Umbrella Corp;US;12.05.2024
Noa Smith;noa.smith70@mail.example.org;0539457952;Soylent Corp;israel;Mar 27 2023
Olga Nasser;olga.nasser71@example.com;054-680-7168;null;Israel;Aug 11 2026
Andrei Dahan;andrei.dahan72@mail.example.org;055-324-9756;Tyrell Corp;ARE;22 Oct 2022
Olivia Ivanov;olivia.ivanov73@corp.example.net;053-741-8340;Initech;Israel;1 Dec 2023
Noah Avraham;noah.avraham74@test.example.com;+971566545235;Dunder Mifflin;United Arab Emirates;17/10/2022
Pavel Cohen;pavel.cohen75@example.com;07840 924974;Stark Industries;UK;27 Dec 2023
Dmitry Haddad;dmitry.haddad76@acme.example;050-485-1762;Aperture Science;Israel;1 Jul 2023
Liam Friedman;liam.friedman77@example.com;+972533208246;Vandelay Industries;Israel;05.02.2024
Sarah Peretz;sarah.peretz78@test.example.com;+491701981497;Soylent Corp;DEU;11/02/2025
Ahmed Thomas;ahmed.thomas79@acme.example;0524010103;NULL;Israel;16 Apr 2026
Yusuf Avraham;yusuf.avraham80@corp.example.net;+44 79 37679989;Aperture Science;United Kingdom;Aug 1 2022
Noa Roberts;noa.roberts81@test.example.com;+971567465605;Hooli;United Arab Emirates;Oct 14 2024
  Pavel Wilson ;pavel.wilson82@mail.example.org;+972526509175;Aperture Science   ;ISR;2026-08-02
  Irina Al Mansoori ;irina.almansoori83@mail.example.org;(312) 479-5110;Massive Dynamic   ;United States;7 Nov 2024
Ava Mizrahi;ava.mizrahi84@mail.example.org;(702) 291-7476;Umbrella Corp;US;18.12.2023
Emma Haddad;emma.haddad85@corp.example.net;+1 31 24795029;Tyrell Corp;US;15 Apr 2024
Shira Levi;yusuf.haddad97@example.com;0507643070;Vandelay Industries;israel;Sep 23 2025
Dmitry Friedman;dmitry.friedman87@example.com;077-634-70141;Massive Dynamic;United Kingdom;13/06/2026
Dana Avraham;dana.avraham88@acme.example;+13122094629;Acme Ltd;USA;23.11.2024
Irina Al Maktoum;irina.almaktoum89@mail.example.org;053-230-8667;Wonka Inc;IL;23 Dec 2025
Michael Ivanov;michael.ivanov90@example.com;052-662-8709;Stark Industries;ISR;22 Nov 2026
null;tamar.dahan91@example.com;+971 56 9176277;Wayne Enterprises;UAE;26.12.2026
  Noa Thomas ;noa.thomas92@test.example.com;0547376814;Globex   ;israel;Jul 28 2024
Elena Kuznetsov;elena.kuznetsov93@acme.example;0522393968;Wonka Inc;ISR;15.09.2025
Michael Khalil;michael.khalil94@example.com;+972542624451;Wayne Enterprises;Israel;11.03.2023
Maya Cohen;maya.cohen95@acme.example;0539050688;Wonka Inc;israel;16/02/2023
Amir Khalil;amir.khalil96@test.example.com;0176 2605088;Blue Sun;DE;2026-02-03
Yusuf Haddad;yusuf.haddad97@example.com;(312) 256-5939;Prestige Worldwide;United States;2025-02-04
Ava Rahman;ava.rahman98@acme.example;052-925-2645;Prestige Worldwide;United Arab Emirates;Jan 15 2026
Sara Katz;sara.katz99@corp.example.net;056-475-3088;Dunder Mifflin;United Arab Emirates;2023-02-04
Tamar Taylor;tamar.taylor100@test.example.com;+971 54 5531662;Sirius Cybernetics;UAE;06/08/2026
Yosef Peretz;yosef.peretz101@mail.example.org;053-461-0436;Dunder Mifflin;ISR;Mar 5 2026
Fatima Al Mansoori;fatima.almansoori102@corp.example.net;+972503991349;Oceanic Airlines;Israel;14.01.2026
Michael Taylor;michael.taylor103@example.com;+972547828250;Blue Sun;ISR;11 Dec 2026
Fatima Al Maktoum;fatima.almaktoum104@acme.example;12345;Globex;AE;01/04/2025
Nadia Wilson;nadia.wilson105@mail.example.org;+44 78 92315289;Massive Dynamic;GBR;2023-01-12
Noa Avraham;noa.avraham106@mail.example.org;052-729-6018;Dunder Mifflin;ISR;01/01/2024
David Davies;david.davies107@corp.example.net;+972 52 3497714;Stark Industries;IL;27.03.2022
Noa Dahan;noa.dahan108@acme.example;(305) 415-5998;Blue Sun;US;26.06.2023
Elena Sidorov;elena.sidorov109@example.com;+447766933511;Stark Industries;United Kingdom;13.09.2023
Sara Evans;sara.evans110@example.com;+972 52 4748784;Wayne Enterprises;IL;26.11.2022
  Pavel Volkov ;pavel.volkov111@mail.example.org;(312) 879-2062;Vandelay Industries   ;US;25 Jul 2026
Elena Kuznetsov;elena.kuznetsov112@mail.example.org;+972 54 8003306;Sirius Cybernetics;ISR;May 19 2025
Maria Mizrahi;maria.mizrahi113@mail.example.org;+971559240780;Wayne Enterprises;UAE;Apr 10 2025
Sergey Johnson;sergey.johnson114@corp.example.net;(415) 969-2376;Soylent Corp;USA;12/09/2025
Nadia Khalil;nadia.khalil115@acme.example;055-543-0544;Cyberdyne Systems;ARE;Jun 9 2025
Karim Davies;karim.davies116@corp.example.net;+972 50 4470594;Oceanic Airlines;Israel;2026-09-21
-;olivia.katz117@example.com;+44 77 19672549;Stark Industries;United Kingdom;22.04.2024
  Sophia Taylor ;sophia.taylor118@test.example.com;+972 50 8459866;Soylent Corp   ;IL;Jun 26 2024
  Maria Levi ;maria.levi119@acme.example;017-148-07191;Stark Industries   ;DE;17 Apr 2025
Nadia Kuznetsov;nadia.kuznetsov120@corp.example.net;+44 77 96549622;Aperture Science;United Kingdom;15 Aug 2023
Shira Dahan;shira.dahan121@corp.example.net;053-485-0635;Wayne Enterprises;Israel;Jul 22 2025
Dmitry Al Maktoum;dmitry.almaktoum122@corp.example.net;07771 261156;Tyrell Corp;United Kingdom;26 Nov 2026
Sergey Ivanov;sergey.ivanov123@acme.example;310-747-7331;Stark Industries;United States;11 Feb 2025
Noah Friedman;noah.friedman124@mail.example.org;+491709197571;Acme Ltd;Germany;Apr 3 2023
Olivia Al Mansoori;olivia.almansoori125@test.example.com;050-509-2479;Oceanic Airlines;Israel;Mar 11 2022
Omer Dahan;omer.dahan126@test.example.com;050-526-3108;Stark Industries;israel;Apr 10 2023
Ivan Johnson;ivan.johnson127@test.example.com;+1 72 04079232;N/A;US;01/04/2024
Hana Evans;hana.evans128@test.example.com;054-588-1370;Dunder Mifflin;ISR;03.12.2022
Nadia Nasser;nadia.nasser129@corp.example.net;05012ABC;Vandelay Industries;ARE;Dec 14 2026
David Katz;david.katz130@acme.example;+972524296601;Gringotts;Israel;03/11/2024
Ali Avraham;ali.avraham131 at corp.example.net;(646) 984-6341;Aperture Science;United States;09/03/2025
Nadia Cohen;nadia.cohen132@example.com;054-825-7544;Massive Dynamic;ARE;2023-07-02
Shira Haddad;shira.haddad133@acme.example;050-269-2468;Gringotts;israel;15/12/2023
Sophia Johnson;sophia.johnson134@mail.example.org;0524467464;Umbrella Corp;United Arab Emirates;13/12/2026
Dana Roberts;dana.roberts135@mail.example.org;+972 52 3817580;Globex;israel;2026-04-15
Elena Katz;elena.katz136@acme.example;+1 31 22531076;Globex;US;08.04.2025
  Michael Friedman ;michael.friedman137@example.com;(212) 545-4148;Initech   ;USA;26/02/2023
Yosef Petrov;yosef.petrov138@test.example.com;+44 78 65689356;Stark Industries;United Kingdom;Apr 18 2026
N/A;omer.davies139@mail.example.org;+49 17 53912886;Acme Ltd;Germany;2025-11-11
Nadia Davies;nadia.davies140@example.com;+972 50 2564815;Stark Industries;ISR;25 May 2025
Maya Johnson;maya.johnson141@corp.example.net;+971 55 7686641;Hooli;United Arab Emirates;21.03.2024
Ivan Biton;ivan.biton142@corp.example.net;017-695-73595;Wayne Enterprises;Germany;2026-10-23
Irina Avraham;irina.avraham143@corp.example.net;052-719-8975;Initech;IL;Mar 12 2022
Eitan Rahman;eitan.rahman144@mail.example.org;+972548201325;Tyrell Corp;Israel;2023-05-11
Ali Al Mansoori;ali.almansoori145@example.com;+971 54 4032131;Stark Industries;UAE;22/01/2026
Olivia Rahman;olivia.rahman146@test.example.com;+13128441099;Initech;USA;2025-02-07
Eitan Wilson;eitan.wilson147@mail.example.org;+971566604063;Stark Industries;United Arab Emirates;Sep 3 2023
Noah Johnson;noah.johnson148@mail.example.org;077-907-35281;Wayne Enterprises;UK;May 19 2024
Michael Roberts;michael.roberts149@acme.example;+49 17 67337047;Vandelay Industries;Germany;14 Aug 2025
Sara Smith;sara.smith150@acme.example;055-916-4225;Initech;United Arab Emirates;18/10/2024
David Thomas;david.thomas151@acme.example;+971 55 4375869;NULL;ARE;2026-10-16
Ivan Taylor;ivan.taylor152@mail.example.org;0509228087;Oceanic Airlines;IL;Aug 13 2024
Layla Rahman;layla.rahman153@acme.example;0176 1651407;Umbrella Corp;DEU;06/10/2025
Liam Nasser;liam.nasser154@test.example.com;+44 77 29782524;Massive Dynamic;GBR;08/12/2025
Layla Cohen;layla.cohen155@mail.example.org;052-413-3122;Wayne Enterprises;AE;22/10/2026
Lior Rahman;lior.rahman156@acme.example;+972543391029;Aperture Science;Israel;10 Dec 2024
Yusuf Al Maktoum;yusuf.almaktoum157@acme.example;0175 3394334;Wonka Inc;Germany;13.12.2023
Sarah Volkov;sarah.volkov158@example.com;0546403700;Aperture Science;Israel;14/12/2024
David Dahan;david.dahan159@mail.example.org;+972505780416;Dunder Mifflin;israel;2023-03-07
Michael Thomas;michael.thomas160@acme.example;07785 183686;Soylent Corp;GBR;04.07.2022
Noa Evans;noa.evans161@acme.example;0502512178;Wonka Inc;israel;2022-11-19
  Elena Levi ;elena.levi162@acme.example;054-834-9435;Tyrell Corp   ;ISR;11.07.2026
Fatima Haddad;fatima.haddad163@mail.example.org;078-937-40479;Globex;GB;2024-06-26
Hana Dahan;hana.dahan164@example.com;12345;Blue Sun;Israel;Nov 22 2026
Michael Levi;michael.levi165@corp.example.net;+971 50 8774285;Tyrell Corp;United Arab Emirates;Apr 20 2025
Irina Friedman;irina.friedman166@corp.example.net;050-815-9568;Massive Dynamic;israel;07/10/2024
Sergey Mizrahi;sergey.mizrahi167@mail.example.org;(702) 889-9990;Blue Sun;USA;Aug 4 2023
James Evans;eitan.rahman179@acme.example;07754 556018;Acme Ltd;UK;13.06.2023
Liam Popova;liam.popova169@example.com;050-867-3477;Tyrell Corp;IL;25 Oct 2023
Fatima Rahman;fatima.rahman170@acme.example;+972524173437;Umbrella Corp;israel;2024-02-04
Maria Taylor;maria.taylor171@example.com;+972535189307;Dunder Mifflin;ISR;2 May 2022
Yusuf Sidorov;yusuf.sidorov172@corp.example.net;+971567567877;Prestige Worldwide;AE;Apr 4 2026
Nadia Haddad;nadia.haddad173@mail.example.org;+972547704093;Blue Sun;ISR;10/10/2023
Yosef Haddad;yosef.haddad174@corp.example.net;+44 79 93601515;Stark Industries;United Kingdom;May 23 2025
Fatima Smith;fatima.smith175@mail.example.org;0529187181;Sirius Cybernetics;IL;27/05/2025
Olga Ivanov;olga.ivanov176@corp.example.net;017-575-65976;Massive Dynamic;Deutschland;24.09.2022
Michael Ivanov;michael.ivanov177@example.com;+972 50 9128720;Soylent Corp;IL;6 Nov 2025
Ivan Al Mansoori;ivan.almansoori178@mail.example.org;+972528168301;Acme Ltd;IL;28 Dec 2024
Eitan Rahman;eitan.rahman179@acme.example;0504982853;Sirius Cybernetics;IL;4 Jan 2023
Maria Sidorov;maria.sidorov180@mail.example.org;+447717224573;Wayne Enterprises;GBR;10 Aug 2025
Yusuf Friedman;yusuf.friedman181@acme.example;+49 17 67162658;Acme Ltd;Deutschland;2022-02-03
Pavel Davies;pavel.davies182@example.com;+971 50 8663438;Dunder Mifflin;ARE;Jul 16 2023
Shira Katz;shira.katz183@corp.example.net;+972548818830;Acme Ltd;Israel;27 Sep 2025
Elena Volkov;sergey.roberts195@example.com;+447760289440;Prestige Worldwide;United Kingdom;Jan 18 2023
Omer Mizrahi;omer.mizrahi185@mail.example.org;+14152895206;Globex;US;17.02.2022
Dmitry Johnson;dmitry.johnson186@acme.example;+972532387270;Oceanic Airlines;Israel;Nov 18 2024
Anna Haddad;anna.haddad187@test.example.com;+972507558434;Globex;ISR;07/01/2023
Emma Dahan;emma.dahan188@test.example.com;+972 53 3077869;Prestige Worldwide;IL;18.02.2025
Sarah Ivanov;sarah.ivanov189@acme.example;+972 54 9886963;Hooli;Israel;03.04.2026
  Michael Saleh ;michael.saleh190@test.example.com;017-163-07645;Aperture Science   ;DE;20/01/2025
Omer Avraham;omer.avraham191@test.example.com;0537370198;Initech;israel;25.06.2024
Olivia Roberts;olivia.roberts192@example.com;052-517-6198;Umbrella Corp;Israel;17.03.2022
Anna Katz;anna.katz193@test.example.com;+971 56 4273765;Prestige Worldwide;AE;06.01.2022
Yusuf Brown;yusuf.brown194@corp.example.net;017-153-46322;Acme Ltd;Deutschland;05/12/2026
Sergey Roberts;sergey.roberts195@example.com;+972547928957;null;ISR;Aug 12 2023
Sophia Sidorov;sophia.sidorov196@test.example.com;+971 50 9947825;Soylent Corp;UAE;2025-06-28
Tamar Evans;tamar.evans197@example.com;0508236170;Soylent Corp;UAE;2026-08-26
Sara Dahan;sara.dahan198@acme.example;12345;Prestige Worldwide;Deutschland;Dec 1 2023
Omar Evans;omar.evans199@test.example.com;077-868-07287;Oceanic Airlines;United Kingdom;03.03.2023
Pavel Nasser;pavel.nasser200@example.com;206-374-7115;Umbrella Corp;USA;8 Nov 2024
Omer Al Mansoori;omer.almansoori201@corp.example.net@dup;+1 70 24181036;Dunder Mifflin;USA;10 Apr 2025
Yosef Kuznetsov;yosef.kuznetsov202@test.example.com;(305) 206-8542;Tyrell Corp;USA;2024-06-04
David Ivanov;david.ivanov203@corp.example.net;0546127582;Stark Industries;Israel;17/09/2022
Anna Levi;anna.levi204@mail.example.org;+972545316510;Cyberdyne Systems;ISR;14/06/2024
Sophia Katz;sophia.katz205@acme.example;+971524967367;Aperture Science;ARE;28/06/2022
Ava Mizrahi;ava.mizrahi206@mail.example.org;053-955-8117;Globex;israel;Nov 7 2023
Sophia Avraham;sophia.avraham207@acme.example;017-164-50711;Massive Dynamic;Deutschland;Dec 24 2026
Maya Cohen;maya.cohen208@mail.example.org;+972 50 8437291;Wayne Enterprises;IL;27.11.2022
Andrei Levi;not-an-email;+972 53 6076269;Initech;israel;20/04/2025
David Evans;david.evans210@corp.example.net;+44 78 26798698;Aperture Science;United Kingdom;2023-08-23
Pavel Brown;pavel.brown211@mail.example.org;+447761238722;Massive Dynamic;Germny;07/05/2022
Irina Taylor;irina.taylor212@example.com;054-640-3777;Soylent Corp;Israel;Apr 11 2023
Pavel Sidorov;pavel.sidorov213@example.com;+972 5;Wonka Inc;AE;14/12/2024
Amir Brown;amir.brown214@example.com;0533778196;Soylent Corp;Israel;2025-05-20
Liam Volkov;liam.volkov215@corp.example.net;+972 50 2812748;Acme Ltd;ISR;11.03.2026
Layla Saleh;layla.saleh216@mail.example.org;+447999502704;Initech;GB;21 Mar 2022
Maria Taylor;maria.taylor217@mail.example.org;0509900542;Gringotts;israel;Jun 10 2026
Michael Smith;michael.smith218@example.com;+491765236674;Gringotts;DE;2024-06-15
Tamar Popova;tamar.popova219@acme.example;(415) 813-5491;Hooli;US;2024-01-19
Michael Ivanov;michael.ivanov220@acme.example;+447924887195;Oceanic Airlines;United Kingdom;Sep 25 2025
Sophia Wilson;sophia.wilson221@mail.example.org;+972526967001;Acme Ltd;Israel;17 Aug 2026
Olivia Al Mansoori;olivia.almansoori222@corp.example.net;+972522382625;Gringotts;Israel;2025-13-40
Sophia Dahan;not-an-email;+491719969014;Umbrella Corp;Germany;12 Nov 2022
Ahmed Friedman;ahmed.friedman224@test.example.com;+491765947522;Tyrell Corp;DEU;2022-11-27
Olivia Roberts;olivia.roberts225@mail.example.org;(646) 873-2743;Massive Dynamic;USA;21 Nov 2024
Karim Davies;karim.davies226@corp.example.net;+971567283150;Massive Dynamic;AE;Aug 8 2023
Ivan Friedman;ivan.friedman227@acme.example;052-884-1731;Vandelay Industries;IL;16/10/2023
Noa Al Maktoum;noa.almaktoum228@mail.example.org;056-357-5783;Initech;UAE;14/02/2023
Hana Katz;hana.katz229@test.example.com;0562836595;Massive Dynamic;UAE;2025-01-04
Yosef Dahan;yosef.dahan230@mail.example.org;+44 77 73757860;Prestige Worldwide;United Kingdom;2022-01-26
Fatima Friedman;fatima.friedman231@mail.example.org;056-948-5912;Blue Sun;UAE;May 11 2023
Amir Roberts;amir.roberts232@test.example.com;0502862477;Gringotts;Israel;Feb 17 2024
Olivia Cohen;olivia.cohen233@mail.example.org;052-496-3778;Soylent Corp;israel;2023-11-13
Omer Davies;omer.davies234@example.com;+971 50 7164838;Tyrell Corp;AE;2022-06-03
David Sidorov;david.sidorov235@test.example.com;+971553260136;Soylent Corp;AE;2026-05-12
Anna Saleh;anna.saleh236@corp.example.net;0528524525;Hooli;Israel;Mar 13 2024
Ivan Biton;ivan.biton237@example.com;+44 77 74194840;Tyrell Corp;GBR;Mar 25 2023
  Anna Sidorov ;anna.sidorov238@acme.example;+972 52 8728845;Wayne Enterprises   ;israel;Jul 18 2025
Anna Davies;anna.davies239@acme.example;056-684-7578;Wayne Enterprises;United Arab Emirates;2022-04-12
  Noa Saleh ;noa.saleh240@test.example.com;+972502499771;Cyberdyne Systems   ;israel;Mar 10 2024
Olga Petrov;olga.petrov241@mail.example.org;+972508266251;Hooli;IL;23/12/2022
Noa Sidorov;noa.sidorov242@corp.example.net;0505999911;Prestige Worldwide;Israel;05.01.2023
James Biton;james.biton243@example.com;+972525940672;Hooli;Untied Kingdom;Dec 10 2026
  Fatima Smirnova ;fatima.smirnova244@example.com;0522503323;Globex   ;ISR;17/03/2026
Sara Kuznetsov;sara.kuznetsov245@test.example.com;+972 52 5554003;Vandelay Industries;ISR;Feb 17 2024
Shira Wilson;shira.wilson246@acme.example;+491764081870;Gringotts;Germny;Feb 27 2026
Hana Rahman;hana.rahman247@mail.example.org;+971 55 3633518;Wonka Inc;United Arab Emirates;03.02.2022
Fatima Cohen;fatima.cohen248@mail.example.org;+971562893089;Initech;AE;01.10.2023
Michael Mizrahi;michael.mizrahi249@mail.example.org;0506728988;Sirius Cybernetics;ISR;2022-01-11
Dana Nasser;dana.nasser250@corp.example.net;+491757553873;Cyberdyne Systems;Deutschland;2023-12-22
Pavel Katz;pavel.katz251@test.example.com;0546000972;Dunder Mifflin;IL;06/05/2022
Lior Friedman;lior.friedman252@mail.example.org;+447782625986;Oceanic Airlines;UK;17.11.2026
Shira Khalil;shira.khalil253@corp.example.net;050-947-1564;Massive Dynamic;ISR;20 Apr 2023
Eitan Volkov;eitan.volkov254@example.com;+972536589709;Initech;Israel;15.02.2025
Ava Johnson;ava.johnson255@example.com;+972 53 2748509;Initech;ISR;Dec 25 2023
  Ivan Thomas ;ivan.thomas256@acme.example;0542332127;Cyberdyne Systems   ;IL;14 Jul 2024
Shira Smirnova;shira.smirnova257@corp.example.net;+1 30 52857769;Oceanic Airlines;Untied Kingdom;2025-05-22
Amir Evans;amir.evans258@test.example.com;+971504438237;Massive Dynamic;United Arab Emirates;2023-10-13
Nadia Friedman;nadia.friedman259@corp.example.net;054-291-5356;Initech;israel;Dec 4 2023
Michael Ivanov;michael.ivanov260@corp.example.net;+44 78 75733727;Sirius Cybernetics;United Kingdom;Dec 24 2023
Nadia Mizrahi;nadia.mizrahi261@test.example.com;052-737-0524;Stark Industries;IL;2 Oct 2024
Amir Saleh;amir.saleh262@acme.example;+447727321766;Acme Ltd;GBR;09/05/2025
Tamar Roberts;tamar.roberts263@acme.example;+972 54 9308902;Aperture Science;Israel;22.04.2026
Amir Friedman;amir.friedman264@acme.example;+972 52 3666022;Cyberdyne Systems;ISR;16 Aug 2025
Sarah Sidorov;sarah.sidorov265@corp.example.net;07987 921110;Prestige Worldwide;GBR;24 Feb 2023
Ahmed Haddad;ahmed.haddad266@example.com;052-618-9653;Tyrell Corp;UAE;14.11.2022
Dana Smirnova;dana.smirnova267@mail.example.org;0503833940;Stark Industries;ARE;18/12/2025
Emma Nasser;emma.nasser268@mail.example.org;0548826475;Cyberdyne Systems;UAE;10 May 2022
Omer Volkov;omer.volkov269@acme.example;+972 5;Aperture Science;USA;04/06/2026
Layla Brown;layla.brown270@test.example.com;055-439-0987;Aperture Science;UAE;2024-12-20
Maya Friedman;maya.friedman271@example.com;0176 2672723;Blue Sun;Deutschland;2026-10-26
Ali Wilson;ali.wilson272@mail.example.org;077-583-05059;Sirius Cybernetics;GBR;Jun 26 2022
Hana Levi;hana.levi273@corp.example.net;+972 53 9378679;Wonka Inc;IL;22/07/2024
Ali Mizrahi;ali.mizrahi274@example.com;+972539052886;Oceanic Airlines;Israel;11/06/2026
Sara Evans;sara.evans275@test.example.com;+491761865385;Dunder Mifflin;Deutschland;yesterday
David Ivanov;david.ivanov276@corp.example.net;017-126-70640;Hooli;DE;21 Feb 2026
Liam Johnson;liam.johnson277@corp.example.net;07747 126885;Aperture Science;UK;25 Nov 2022
Irina Friedman;irina.friedman278@test.example.com;0525805963;Cyberdyne Systems;israel;21/04/2023
Dmitry Evans;dmitry.evans279@acme.example;0532695947;Hooli;ISR;2022-11-19
Andrei Avraham;andrei.avraham280@example.com;+972 53 9504488;Vandelay Industries;IL;16.02.2022
Emma Ivanov;emma.ivanov281@example.com;(206) 275-8971;Initech;USA;Nov 14 2023
Karim Johnson;karim.johnson282@mail.example.org;(415) 875-1515;Umbrella Corp;USA;16 Jun 2024
Dana Johnson;dana.johnson283@test.example.com;0527084425;Acme Ltd;AE;17 Jan 2026
Emma Saleh;emma.saleh284@example.com;07867 245295;Wayne Enterprises;UK;23/12/2022
Ivan Taylor;ivan.taylor285@example.com;+972 54 8251144;Sirius Cybernetics;ISR;13/09/2025
Michael Roberts;michael.roberts286@acme.example;+972 52 8661389;Stark Industries;Israel;Jul 15 2025
Sophia Haddad;sophia.haddad287@test.example.com;055-367-5379;Dunder Mifflin;United Arab Emirates;2024-06-21
Yosef Thomas;yosef.thomas288@test.example.com;+972 53 5341238;Acme Ltd;israel;26.03.2022
David Nasser;david.nasser289@mail.example.org;+972535120262;Hooli;Israel;01.02.2024
Fatima Wilson;fatima.wilson290@acme.example;+447987169452;Massive Dynamic;GB;7 Oct 2024
Olga Roberts;olga.roberts291@test.example.com;054-466-5759;Tyrell Corp;Israel;Apr 2 2023
Sophia Petrov;sophia.petrov292@example.com;052-704-5166;Tyrell Corp;United Arab Emirates;8 Jul 2026
Noa Levi;noa.levi293@acme.example;+972542310447;Gringotts;ISR;2026-01-11
N/A;maya.petrov294@corp.example.net;+972 53 5358331;Initech;ISR;16 Jun 2026
Noah Kuznetsov;noah.kuznetsov295@acme.example;+972 50 2245687;Wayne Enterprises;Israel;2022-01-05
Sara Davies;sara.davies296@mail.example.org;+491751082902;Globex;Germany;2024-01-04
Tamar Thomas;tamar.thomas297@corp.example.net;+49 17 13311285;Dunder Mifflin;Deutschland;05.02.2025
Maria Petrov;maria.petrov298@acme.example;(646) 740-4940;Dunder Mifflin;US;16.11.2025
Ivan Davies;ivan.davies299@example.com;+972 50 4961259;Gringotts;ISR;21/11/2023
